0	1	612	727	2.924691	-9.068454	-4.420321	734.139038	-3.589640	0.022817	666934553	100.255709	0.000000	0	100.277905
1	1	607	729	2.694767	-13.758615	1.576627	734.139038	1.335695	-0.008490	666934553	100.263986	0.000000	0	100.286171
0	1	609	729	2.906721	-9.075982	-4.392572	734.139038	-3.222550	0.020483	666934554	100.272337	0.000000	0	100.294527
1	1	609	728	2.691345	-13.772441	1.612207	734.139038	1.517441	-0.009645	666934554	100.280620	0.000000	0	100.302815
0	1	606	730	2.901849	-9.073851	-4.442979	734.139038	-2.645033	0.016812	666934555	100.288912	0.000000	0	100.311137
1	1	607	728	2.696424	-13.775875	1.569070	734.139038	1.740031	-0.011060	666934555	100.297189	0.000000	0	100.319379
0	1	607	729	2.896060	-9.071783	-4.424569	734.139038	-2.118912	0.013468	666934556	100.305587	0.000000	0	100.328357
1	1	608	731	2.705913	-13.774101	1.603044	734.139038	1.787134	-0.011359	666934556	100.313826	0.000000	0	100.336017
0	1	610	730	2.909556	-9.068972	-4.474237	734.139038	-1.730177	0.010997	666934557	100.322136	0.000000	0	100.344366
1	1	610	731	2.701838	-13.784096	1.558297	734.139038	1.832716	-0.011649	666934557	100.330390	0.000000	0	100.361424
0	1	608	730	2.900742	-9.073049	-4.451289	734.139038	-1.557829	0.009902	666934558	100.338794	0.000000	0	100.361825
1	1	608	729	2.683343	-13.795793	1.588332	734.139038	1.686890	-0.010722	666934558	100.347042	0.000000	0	100.369671
0	1	607	727	2.903677	-9.074805	-4.483710	734.139038	-1.586580	0.010085	666934559	100.355333	0.000000	0	100.377758
1	1	599	713	2.715427	-13.789918	1.569093	734.139038	1.747365	-0.011107	666934559	100.363612	0.000000	0	100.386019
0	1	595	681	2.894057	-9.094636	-4.444857	734.139038	-1.640907	0.010430	666934560	100.371960	0.000000	0	100.394583
1	1	588	643	2.706462	-13.770484	1.623932	734.139038	1.978232	-0.012574	666934560	100.380249	0.000000	0	100.403399
0	1	584	600	2.879239	-9.113026	-4.476235	734.139038	-2.297831	0.014606	666934561	100.388538	0.000000	0	100.410975
1	1	586	577	2.716628	-13.755167	1.608024	734.139038	1.856068	-0.011798	666934561	100.396814	0.000000	0	100.419204
0	1	585	571	2.896976	-9.129264	-4.460943	734.139038	-2.250827	0.014307	666934562	100.405160	0.000000	0	100.427784
1	1	587	575	2.722442	-13.759401	1.622927	734.139038	1.836869	-0.011676	666934562	100.413448	0.000000	0	100.436064
0	1	587	579	2.897774	-9.144976	-4.522888	734.139038	-1.748690	0.011115	666934563	100.421736	0.000000	0	100.444153
1	1	588	578	2.717395	-13.752333	1.584553	734.139038	1.466017	-0.009318	666934563	100.430015	0.000000	0	100.452417
0	1	588	580	2.861475	-9.128900	-4.477222	734.139038	-2.500543	0.015894	666934564	100.438361	0.000000	0	100.460980
1	1	588	581	2.725746	-13.765491	1.650028	734.139038	2.011706	-0.012787	666934564	100.446654	0.000000	0	100.469321
0	1	587	576	2.916178	-9.128005	-4.489136	734.139038	-1.721737	0.010944	666934565	100.454934	0.000000	0	100.477359
1	1	586	574	2.738607	-13.765086	1.653509	734.139038	1.946566	-0.012373	666934565	100.463215	0.000000	0	100.485638
0	1	586	573	2.898241	-9.123674	-4.426344	734.139038	-1.172049	0.007450	666934566	100.471561	0.000000	0	100.494181
1	1	587	573	2.739223	-13.767067	1.715097	734.139038	1.913375	-0.012162	666934566	100.479849	0.000000	0	100.502489
0	1	586	573	2.876714	-9.085162	-4.457977	734.139038	-2.264539	0.014394	666934567	100.488134	0.000000	0	100.510553
1	1	588	571	2.732029	-13.757380	1.662068	734.139038	1.516626	-0.009640	666934567	100.496415	0.000000	0	100.518821
0	1	589	572	2.919199	-9.071857	-4.455542	734.139038	-1.749914	0.011123	666934568	100.504762	0.000000	0	100.527444
1	1	588	574	2.741906	-13.746471	1.675668	734.139038	1.171186	-0.007444	666934568	100.513056	0.000000	0	100.535665
0	1	589	573	2.896486	-9.050591	-4.490981	734.139038	-2.290031	0.014556	666934569	100.521333	0.000000	0	100.543774
1	1	586	574	2.763714	-13.754714	1.660639	734.139038	1.331374	-0.008462	666934569	100.529617	0.000000	0	100.552014
0	1	588	572	2.926115	-9.059591	-4.423203	734.139038	-1.911412	0.012149	666934570	100.537964	0.000000	0	100.560590
1	1	588	573	2.737508	-13.766523	1.729374	734.139038	1.352778	-0.008599	666934570	100.546254	0.000000	0	100.568876
0	1	588	571	2.931976	-9.054436	-4.455460	734.139038	-1.529396	0.009721	666934571	100.554537	0.000000	0	100.576973
1	1	588	568	2.753176	-13.768213	1.680348	734.139038	1.482327	-0.009422	666934571	100.562820	0.000000	0	100.585220
0	1	585	568	2.918389	-9.039875	-4.446238	734.139038	-1.505394	0.009569	666934572	100.571164	0.000000	0	100.593800
1	1	584	571	2.755659	-13.764643	1.690396	734.139038	1.114802	-0.007086	666934572	100.579455	0.000000	0	100.602090
0	1	585	573	2.937396	-9.038916	-4.501825	734.139038	-1.515350	0.009632	666934573	100.587741	0.000000	0	100.610162
1	1	589	573	2.756372	-13.782383	1.650056	734.139038	1.140500	-0.007249	666934573	100.596028	0.000000	0	100.618412
0	1	589	576	2.935034	-9.034997	-4.458209	734.139038	-2.091427	0.013294	666934574	100.604364	0.000000	0	100.626990
1	1	590	573	2.771388	-13.806270	1.714731	734.139038	1.468139	-0.009332	666934574	100.612651	0.000000	0	100.635276
0	1	589	570	2.949894	-9.049373	-4.458939	734.139038	-1.720550	0.010936	666934575	100.620936	0.000000	0	100.643366
1	1	585	568	2.788964	-13.816146	1.696815	734.139038	1.439951	-0.009153	666934575	100.629218	0.000000	0	100.651638
0	1	583	548	2.950905	-9.058879	-4.421538	734.139038	-1.848235	0.011748	666934576	100.637566	0.000000	0	100.660187
1	1	579	534	2.778023	-13.805279	1.739920	734.139038	1.235100	-0.007851	666934576	100.645852	0.000000	0	100.668494
0	1	574	516	2.968185	-9.070544	-4.466774	734.139038	-1.590866	0.010112	666934577	100.654136	0.000000	0	100.676556
1	1	576	507	2.782045	-13.801749	1.702754	734.139038	1.029611	-0.006544	666934577	100.662418	0.000000	0	100.684827
0	1	574	508	2.971437	-9.079518	-4.435966	734.139038	-1.281363	0.008145	666934578	100.670765	0.000000	0	100.693398
1	1	575	507	2.776678	-13.804218	1.736062	734.139038	0.730607	-0.004644	666934578	100.679053	0.000000	0	100.701674
0	1	572	508	2.969954	-9.094769	-4.476892	734.139038	-1.222641	0.007771	666934579	100.687381	0.000000	0	100.709758
1	1	553	497	2.798637	-13.815758	1.668864	734.139038	0.887952	-0.005644	666934579	100.695618	0.000000	0	100.718029
0	1	533	484	2.963470	-9.123425	-4.462881	734.139038	-1.895777	0.012050	666934580	100.703964	0.000000	0	100.726585
1	1	515	469	2.793907	-13.838833	1.671237	734.139038	0.808027	-0.005136	666934580	100.712254	0.000000	0	100.734895
0	1	498	458	2.981471	-9.154401	-4.522312	734.139038	-1.700213	0.010807	666934581	100.720537	0.000000	0	100.742951
1	1	495	453	2.777334	-13.844902	1.612046	734.139038	0.651426	-0.004141	666934581	100.728820	0.000000	0	100.751208
0	1	495	456	2.987049	-9.153331	-4.489705	734.139038	-2.170278	0.013795	666934582	100.737163	0.000000	0	100.759783
1	1	492	456	2.809883	-13.857205	1.645971	734.139038	1.092952	-0.006947	666934582	100.745457	0.000000	0	100.768072
0	1	491	451	2.973940	-9.148264	-4.519703	734.139038	-2.762489	0.017559	666934583	100.753738	0.000000	0	100.776218
1	1	491	450	2.796713	-13.867844	1.625574	734.139038	1.347040	-0.008562	666934583	100.762021	0.000000	0	100.784421
0	1	490	450	2.992171	-9.141357	-4.479628	734.139038	-3.226842	0.020510	666934584	100.770364	0.000000	0	100.792988
1	1	490	451	2.818645	-13.887195	1.667046	734.139038	1.793666	-0.011401	666934584	100.778654	0.000000	0	100.801279
0	1	487	453	3.001200	-9.138151	-4.521569	734.139038	-3.362968	0.021376	666934585	100.786938	0.000000	0	100.809353
1	1	486	451	2.812165	-13.910578	1.630522	734.139038	2.199452	-0.013980	666934585	100.795221	0.000000	0	100.817617
0	1	486	449	3.020351	-9.149599	-4.502639	734.139038	-2.878186	0.018294	666934586	100.803567	0.000000	0	100.826188
1	1	488	452	2.810087	-13.905622	1.655015	734.139038	1.341149	-0.008525	666934586	100.811858	0.000000	0	100.834494
0	1	490	454	3.026804	-9.152639	-4.562048	734.139038	-2.297684	0.014605	666934587	100.820143	0.000000	0	100.842587
1	1	487	455	2.820910	-13.895645	1.616551	734.139038	1.343792	-0.008541	666934587	100.828420	0.000000	0	100.850822
0	1	488	455	3.028271	-9.154893	-4.543931	734.139038	-1.809847	0.011504	666934588	100.836766	0.000000	0	100.859408
1	1	488	455	2.808997	-13.892439	1.643794	734.139038	0.539241	-0.003428	666934588	100.845056	0.000000	0	100.867701
0	1	488	448	3.036256	-9.166069	-4.622843	734.139038	-1.359569	0.008642	666934589	100.853340	0.000000	0	100.875759
1	1	490	448	2.836990	-13.913507	1.590402	734.139038	0.565046	-0.003592	666934589	100.861626	0.000000	0	100.884025
0	1	491	448	3.064349	-9.194566	-4.594031	734.139038	-0.984102	0.006255	666934590	100.869967	0.000000	0	100.892588
1	1	489	442	2.839306	-13.934391	1.643247	734.139038	0.657469	-0.004179	666934590	100.878255	0.000000	0	100.900872
0	1	489	445	3.033951	-9.185936	-4.596487	734.139038	-1.649425	0.010484	666934591	100.886544	0.000000	0	100.908974
1	1	488	447	2.820615	-13.925925	1.664572	734.139038	0.154239	-0.000980	666934591	100.894822	0.000000	0	100.917236
0	1	486	445	3.047254	-9.177108	-4.537193	734.139038	-1.264195	0.008035	666934592	100.903168	0.000000	0	100.925796
1	1	488	446	2.854424	-13.924829	1.720802	734.139038	0.454932	-0.002892	666934592	100.911457	0.000000	0	100.934077
0	1	489	452	3.061327	-9.171527	-4.581062	734.139038	-1.069078	0.006795	666934593	100.919741	0.000000	0	100.942176
1	1	489	447	2.849873	-13.935971	1.660370	734.139038	0.776196	-0.004934	666934593	100.928026	0.000000	0	100.950432
0	1	489	445	3.068238	-9.177295	-4.559735	734.139038	-0.826867	0.005256	666934594	100.936369	0.000000	0	100.958992
1	1	487	445	2.842171	-13.949091	1.705249	734.139038	0.700294	-0.004451	666934594	100.944661	0.000000	0	100.967283
0	1	486	443	3.042448	-9.165369	-4.569291	734.139038	-1.900080	0.012077	666934595	100.952941	0.000000	0	100.975376
1	1	485	444	2.865787	-13.955450	1.711724	734.139038	0.975543	-0.006201	666934595	100.961222	0.000000	0	100.983627
0	1	488	442	3.086656	-9.169300	-4.507431	734.139038	-1.210460	0.007694	666934596	100.969569	0.000000	0	100.992199
1	1	491	443	2.849540	-13.927922	1.771371	734.139038	-0.135134	0.000859	666934596	100.977859	0.000000	0	101.000481
0	1	491	450	3.078609	-9.160232	-4.557040	734.139038	-0.931039	0.005918	666934597	100.986140	0.000000	0	101.008568
1	1	493	449	2.876032	-13.933679	1.696213	734.139038	0.257420	-0.001636	666934597	100.994440	0.000000	0	101.016849
0	1	492	449	3.071582	-9.149200	-4.576988	734.139038	-1.796731	0.011420	666934598	101.002771	0.000000	0	101.025422
1	1	502	447	2.887938	-13.928723	1.690092	734.139038	0.256051	-0.001628	666934598	101.011062	0.000000	0	101.033711
0	1	533	447	3.063577	-9.154808	-4.636416	734.139038	-2.317715	0.014732	666934599	101.019342	0.000000	0	101.041782
1	1	561	451	2.901421	-13.904276	1.680752	734.139038	0.474705	-0.003017	666934599	101.027625	0.000000	0	101.050030
0	1	592	449	3.044894	-9.115917	-4.572245	734.139038	-2.563305	0.016293	666934600	101.035970	0.000000	0	101.058623
1	1	607	448	2.911198	-13.869904	1.771533	734.139038	1.126359	-0.007159	666934600	101.044258	0.000000	0	101.066881
0	1	603	448	3.051089	-9.063231	-4.575369	734.139038	-3.504446	0.022275	666934601	101.052543	0.000000	0	101.074979
1	1	601	443	2.904533	-13.828315	1.761276	734.139038	1.330496	-0.008457	666934601	101.060830	0.000000	0	101.083233
0	1	605	443	3.080627	-9.039892	-4.542773	734.139038	-2.889337	0.018365	666934602	101.069172	0.000000	0	101.091814
1	1	609	444	2.914116	-13.810829	1.791400	734.139038	1.334323	-0.008481	666934602	101.077463	0.000000	0	101.100091
0	1	610	441	3.091256	-9.027721	-4.619373	734.139038	-2.079488	0.013218	666934603	101.085743	0.000000	0	101.108175
1	1	612	444	2.915780	-13.799737	1.742956	734.139038	1.496733	-0.009514	666934603	101.094026	0.000000	0	101.116433
0	1	610	447	3.089889	-9.013872	-4.605086	734.139038	-1.399933	0.008898	666934604	101.102371	0.000000	0	101.125012
1	1	608	447	2.927764	-13.774486	1.782212	734.139038	1.560505	-0.009919	666934604	101.110662	0.000000	0	101.133288
0	1	610	451	3.096808	-8.992367	-4.632976	734.139038	-1.053769	0.006698	666934605	101.118942	0.000000	0	101.141391
1	1	612	450	2.926009	-13.738382	1.761029	734.139038	0.925036	-0.005880	666934605	101.127236	0.000000	0	101.149629
0	1	615	449	3.102895	-8.966291	-4.582537	734.139038	-1.151255	0.007318	666934606	101.135573	0.000000	0	101.158220
1	1	616	451	2.929942	-13.707588	1.812925	734.139038	0.446771	-0.002840	666934606	101.143861	0.000000	0	101.166496
0	1	616	452	3.102331	-8.947897	-4.604445	734.139038	-1.309009	0.008320	666934607	101.152144	0.000000	0	101.174584
1	1	615	454	2.932606	-13.690784	1.787066	734.139038	-0.038176	0.000243	666934607	101.160429	0.000000	0	101.182831
0	1	613	453	3.099173	-8.942425	-4.569765	734.139038	-1.058861	0.006730	666934608	101.168772	0.000000	0	101.191423
1	1	612	449	2.945038	-13.698168	1.814271	734.139038	0.297317	-0.001890	666934608	101.177064	0.000000	0	101.199694
0	1	612	450	3.110876	-8.942680	-4.606709	734.139038	-0.907192	0.005766	666934609	101.185346	0.000000	0	101.207810
1	1	610	450	2.955362	-13.701913	1.771495	734.139038	0.445427	-0.002831	666934609	101.193639	0.000000	0	101.216036
0	1	611	451	3.118217	-8.942245	-4.573843	734.139038	-0.684826	0.004353	666934610	101.201974	0.000000	0	101.224649
1	1	611	452	2.950479	-13.696519	1.808180	734.139038	0.377781	-0.002401	666934610	101.210262	0.000000	0	101.232889
0	1	610	451	3.101880	-8.924969	-4.598413	734.139038	-0.888243	0.005646	666934611	101.218546	0.000000	0	101.241035
1	1	609	447	2.964365	-13.690990	1.792914	734.139038	1.069930	-0.006801	666934611	101.226829	0.000000	0	101.249233
0	1	608	450	3.105366	-8.890745	-4.531249	734.139038	-1.901834	0.012088	666934612	101.235172	0.000000	0	101.257832
1	1	608	448	2.950011	-13.682200	1.859783	734.139038	1.310288	-0.008328	666934612	101.243466	0.000000	0	101.266084
0	1	609	444	3.101394	-8.865819	-4.552764	734.139038	-2.521152	0.016025	666934613	101.251747	0.000000	0	101.274163
1	1	610	444	2.964683	-13.673796	1.827091	734.139038	1.300295	-0.008265	666934613	101.260037	0.000000	0	101.282443
0	1	610	443	3.117141	-8.873162	-4.537076	734.139038	-1.836981	0.011676	666934614	101.268374	0.000000	0	101.291036
1	1	610	445	2.974379	-13.679098	1.834266	734.139038	1.727158	-0.010978	666934614	101.276663	0.000000	0	101.299287
0	1	609	444	3.086866	-8.849266	-4.611224	734.139038	-2.471703	0.015711	666934615	101.284947	0.000000	0	101.307384
1	1	610	446	2.954652	-13.663797	1.770181	734.139038	1.712286	-0.010884	666934615	101.293231	0.000000	0	101.315647
0	1	610	447	3.115809	-8.839625	-4.583307	734.139038	-1.876958	0.011930	666934616	101.301576	0.000000	0	101.324230
1	1	612	450	2.969898	-13.653250	1.820435	734.139038	1.636335	-0.010401	666934616	101.309868	0.000000	0	101.332491
0	1	613	451	3.093176	-8.822525	-4.583594	734.139038	-2.371841	0.015076	666934617	101.318152	0.000000	0	101.340629
1	1	611	447	2.966550	-13.658480	1.826202	734.139038	1.774073	-0.011276	666934617	101.326434	0.000000	0	101.348840
0	1	611	447	3.110259	-8.843140	-4.517106	734.139038	-2.141365	0.013611	666934618	101.334776	0.000000	0	101.357414
1	1	611	447	2.968042	-13.685065	1.866578	734.139038	1.920267	-0.012206	666934618	101.343067	0.000000	0	101.365694
0	1	610	454	3.108988	-8.860277	-4.558587	734.139038	-1.787787	0.011364	666934619	101.351347	0.000000	0	101.373780
1	1	609	456	2.976944	-13.691698	1.794761	734.139038	2.041013	-0.012973	666934619	101.359635	0.000000	0	101.382044
0	1	606	453	3.122029	-8.846573	-4.560593	734.139038	-1.878994	0.011943	666934620	101.367976	0.000000	0	101.390618
1	1	604	450	2.964912	-13.667995	1.818536	734.139038	1.780815	-0.011319	666934620	101.376266	0.000000	0	101.398902
0	1	607	449	3.108735	-8.830030	-4.587525	734.139038	-1.737316	0.011043	666934621	101.384554	0.000000	0	101.406982
1	1	608	447	2.979831	-13.657249	1.795884	734.139038	1.983357	-0.012607	666934621	101.392833	0.000000	0	101.415239
0	1	608	449	3.105175	-8.813435	-4.525692	734.139038	-2.297519	0.014604	666934622	101.401176	0.000000	0	101.423838
1	1	607	448	2.982891	-13.659601	1.851483	734.139038	2.214424	-0.014075	666934622	101.409465	0.000000	0	101.432100
0	1	604	447	3.118386	-8.809318	-4.560133	734.139038	-2.118680	0.013467	666934623	101.417750	0.000000	0	101.440186
1	1	605	450	2.975388	-13.645487	1.801220	734.139038	1.759633	-0.011185	666934623	101.426031	0.000000	0	101.448473
0	1	605	447	3.117571	-8.801080	-4.564828	734.139038	-1.649669	0.010486	666934624	101.434377	0.000000	0	101.457005
1	1	609	445	2.995927	-13.626548	1.814650	734.139038	1.725462	-0.010967	666934624	101.442666	0.000000	0	101.465318
0	1	614	447	3.120305	-8.780572	-4.602425	734.139038	-1.181014	0.007507	666934625	101.450951	0.000000	0	101.473374
1	1	612	447	2.980403	-13.597181	1.792175	734.139038	1.818685	-0.011560	666934625	101.459239	0.000000	0	101.481640
0	1	608	451	3.095918	-8.744476	-4.528991	734.139038	-2.104360	0.013376	666934626	101.467577	0.000000	0	101.490203
1	1	605	449	3.002987	-13.593741	1.865145	734.139038	2.106966	-0.013392	666934626	101.475867	0.000000	0	101.498515
0	1	603	443	3.090961	-8.734541	-4.535177	734.139038	-2.812043	0.017874	666934627	101.484152	0.000000	0	101.506576
1	1	607	447	2.973338	-13.581631	1.825560	734.139038	1.208937	-0.007684	666934627	101.492434	0.000000	0	101.514846
0	1	610	447	3.116084	-8.737959	-4.524207	734.139038	-1.988006	0.012636	666934628	101.500779	0.000000	0	101.523415
1	1	613	449	3.000566	-13.577200	1.828446	734.139038	1.414478	-0.008991	666934628	101.509100	0.000000	0	101.531735
0	1	612	450	3.110063	-8.723486	-4.575628	734.139038	-1.721791	0.010944	666934629	101.517362	0.000000	0	101.539780
1	1	611	449	2.988286	-13.567219	1.784083	734.139038	1.299073	-0.008257	666934629	101.525637	0.000000	0	101.548035
0	1	609	450	3.092555	-8.706301	-4.520406	734.139038	-2.420726	0.015387	666934630	101.533978	0.000000	0	101.556605
1	1	606	450	3.000178	-13.576014	1.835960	734.139038	1.750327	-0.011125	666934630	101.542272	0.000000	0	101.564896
0	1	608	445	3.101526	-8.716177	-4.533955	734.139038	-2.807062	0.017842	666934631	101.550552	0.000000	0	101.572974
1	1	606	441	3.018315	-13.585937	1.806241	734.139038	1.828117	-0.011620	666934631	101.558840	0.000000	0	101.581251
0	1	607	441	3.096881	-8.720480	-4.492309	734.139038	-3.218390	0.020457	666934632	101.567181	0.000000	0	101.589841
1	1	609	440	3.003293	-13.584887	1.824922	734.139038	1.845380	-0.011730	666934632	101.575475	0.000000	0	101.598097
0	1	609	445	3.109191	-8.717634	-4.542243	734.139038	-2.583391	0.016421	666934633	101.583752	0.000000	0	101.606182
1	1	608	448	3.003182	-13.570356	1.774267	734.139038	1.716605	-0.010911	666934633	101.592038	0.000000	0	101.614443
0	1	605	450	3.092762	-8.695608	-4.494592	734.139038	-3.172979	0.020168	666934634	101.600380	0.000000	0	101.623016
1	1	604	452	3.018419	-13.575014	1.831336	734.139038	2.248989	-0.014295	666934634	101.608671	0.000000	0	101.631312
0	1	602	450	3.127892	-8.705542	-4.493217	734.139038	-2.377454	0.015112	666934635	101.616954	0.000000	0	101.639388
1	1	601	449	3.018382	-13.582305	1.825155	734.139038	2.411797	-0.015330	666934635	101.625236	0.000000	0	101.647652
0	1	604	451	3.089338	-8.699469	-4.446697	734.139038	-3.270826	0.020790	666934636	101.633582	0.000000	0	101.656214
1	1	605	450	3.006096	-13.569594	1.838407	734.139038	2.007862	-0.012762	666934636	101.641871	0.000000	0	101.664497
0	1	607	452	3.115734	-8.696295	-4.509525	734.139038	-2.686042	0.017073	666934637	101.650157	0.000000	0	101.672582
1	1	607	452	3.016610	-13.551192	1.777751	734.139038	1.862478	-0.011838	666934637	101.658440	0.000000	0	101.680838
0	1	606	448	3.117303	-8.687253	-4.482113	734.139038	-2.645143	0.016813	666934638	101.666782	0.000000	0	101.689416
1	1	605	454	3.015626	-13.540966	1.830588	734.139038	1.760456	-0.011190	666934638	101.675071	0.000000	0	101.697692
0	1	605	448	3.122184	-8.688323	-4.508820	734.139038	-2.364132	0.015027	666934639	101.683353	0.000000	0	101.705773
1	1	614	444	3.036072	-13.555682	1.821884	734.139038	1.776068	-0.011289	666934639	101.691639	0.000000	0	101.714071
0	1	622	437	3.121318	-8.719123	-4.469029	734.139038	-1.656330	0.010528	666934640	101.699982	0.000000	0	101.722629
1	1	628	432	3.036386	-13.566700	1.856265	734.139038	2.074216	-0.013184	666934640	101.708274	0.000000	0	101.730901
0	1	632	434	3.102315	-8.722641	-4.502293	734.139038	-2.698847	0.017154	666934641	101.716553	0.000000	0	101.738983
1	1	631	435	3.026499	-13.570784	1.811440	734.139038	1.281599	-0.008146	666934641	101.724840	0.000000	0	101.747248
0	1	628	440	3.092855	-8.740042	-4.463649	734.139038	-3.317312	0.021086	666934642	101.733181	0.000000	0	101.755817
1	1	631	440	3.020756	-13.595519	1.842240	734.139038	1.181817	-0.007512	666934642	101.741475	0.000000	0	101.764174
0	1	632	438	3.108769	-8.757669	-4.496244	734.139038	-3.825551	0.024316	666934643	101.749755	0.000000	0	101.772177
1	1	633	436	3.030895	-13.624065	1.802550	734.139038	1.067695	-0.006786	666934643	101.758042	0.000000	0	101.780445
0	1	634	435	3.112845	-8.781345	-4.459218	734.139038	-4.275076	0.027173	666934644	101.766382	0.000000	0	101.789010
1	1	633	435	3.040365	-13.641685	1.823794	734.139038	0.830787	-0.005281	666934644	101.774672	0.000000	0	101.797303
0	1	634	438	3.136445	-8.806496	-4.519428	734.139038	-3.564619	0.022657	666934645	101.782955	0.000000	0	101.805394
1	1	633	440	3.053582	-13.660837	1.757833	734.139038	1.007659	-0.006405	666934645	101.791239	0.000000	0	101.813639
0	1	633	437	3.146630	-8.839537	-4.506744	734.139038	-2.734236	0.017379	666934646	101.799581	0.000000	0	101.822211
1	1	631	434	3.055573	-13.682271	1.771394	734.139038	1.357801	-0.008630	666934646	101.807878	0.000000	0	101.830513
0	1	633	434	3.137331	-8.864087	-4.549417	734.139038	-2.782764	0.017688	666934647	101.816157	0.000000	0	101.838607
1	1	632	435	3.058644	-13.700350	1.753921	734.139038	1.320681	-0.008395	666934647	101.824440	0.000000	0	101.846872
0	1	633	435	3.155971	-8.889830	-4.500721	734.139038	-2.097528	0.013332	666934648	101.832787	0.000000	0	101.855421
1	1	633	435	3.084505	-13.711862	1.805263	734.139038	1.809175	-0.011499	666934648	101.841076	0.000000	0	101.863704
0	1	632	434	3.139193	-8.881358	-4.533928	734.139038	-2.675540	0.017006	666934649	101.849356	0.000000	0	101.871777
1	1	632	436	3.072839	-13.701718	1.747365	734.139038	1.578084	-0.010031	666934649	101.857643	0.000000	0	101.880049
0	1	632	435	3.142682	-8.885580	-4.522696	734.139038	-2.048579	0.013021	666934650	101.865985	0.000000	0	101.888614
1	1	632	432	3.085227	-13.704721	1.761643	734.139038	1.645133	-0.010457	666934650	101.874279	0.000000	0	101.896908
0	1	632	433	3.154988	-8.894650	-4.568336	734.139038	-1.858310	0.011812	666934651	101.882560	0.000000	0	101.904983
1	1	633	434	3.061651	-13.696223	1.739614	734.139038	0.828104	-0.005264	666934651	101.890840	0.000000	0	101.913251
0	1	635	438	3.163846	-8.903598	-4.511484	734.139038	-2.055742	0.013067	666934652	101.899185	0.000000	0	101.921817
1	1	634	436	3.104986	-13.714622	1.797251	734.139038	1.692949	-0.010761	666934652	101.907477	0.000000	0	101.930108
0	1	635	433	3.138766	-8.890021	-4.537266	734.139038	-2.746975	0.017460	666934653	101.915758	0.000000	0	101.938185
1	1	635	433	3.069288	-13.707439	1.751305	734.139038	1.672192	-0.010629	666934653	101.924043	0.000000	0	101.946440
0	1	632	430	3.173747	-8.884994	-4.530284	734.139038	-2.074207	0.013184	666934654	101.932386	0.000000	0	101.955018
1	1	632	428	3.087290	-13.703137	1.757039	734.139038	1.805528	-0.011476	666934654	101.940677	0.000000	0	101.963309
0	1	634	425	3.161415	-8.880374	-4.609632	734.139038	-2.465420	0.015671	666934655	101.948960	0.000000	0	101.971394
1	1	634	427	3.092235	-13.708710	1.702899	734.139038	1.789946	-0.011377	666934655	101.957242	0.000000	0	101.979667
0	1	636	427	3.180250	-8.894681	-4.574105	734.139038	-1.940542	0.012334	666934656	101.965593	0.000000	0	101.988225
1	1	635	430	3.094323	-13.713381	1.762054	734.139038	1.928433	-0.012258	666934656	101.973878	0.000000	0	101.996504
0	1	635	433	3.186670	-8.905560	-4.580646	734.139038	-1.278450	0.008126	666934657	101.982159	0.000000	0	102.004588
1	1	634	429	3.091840	-13.710222	1.775255	734.139038	1.845077	-0.011728	666934657	101.990447	0.000000	0	102.012845
0	1	635	427	3.185993	-8.899880	-4.504387	734.139038	-0.892934	0.005676	666934658	101.998787	0.000000	0	102.021420
1	1	636	427	3.101451	-13.704300	1.831175	734.139038	2.132532	-0.013555	666934658	102.007078	0.000000	0	102.029708
0	1	636	429	3.156261	-8.868601	-4.524055	734.139038	-2.332036	0.014823	666934659	102.015360	0.000000	0	102.037788
1	1	637	427	3.069156	-13.671647	1.782769	734.139038	1.277900	-0.008123	666934659	102.023643	0.000000	0	102.046052
0	1	638	429	3.156061	-8.838566	-4.486631	734.139038	-2.973172	0.018898	666934660	102.031986	0.000000	0	102.054629
1	1	640	435	3.092032	-13.643124	1.818494	734.139038	0.441444	-0.002806	666934660	102.040278	0.000000	0	102.062899
0	1	637	434	3.171878	-8.804946	-4.511217	734.139038	-3.522971	0.022393	666934661	102.048560	0.000000	0	102.070977
1	1	636	432	3.105794	-13.629461	1.789536	734.139038	1.027239	-0.006529	666934661	102.056845	0.000000	0	102.079251
0	1	635	431	3.187088	-8.792562	-4.465262	734.139038	-2.790998	0.017740	666934662	102.065189	0.000000	0	102.087838
1	1	633	430	3.096890	-13.621243	1.829299	734.139038	1.211030	-0.007698	666934662	102.073485	0.000000	0	102.096111
0	1	635	434	3.182776	-8.788671	-4.514703	734.139038	-2.837175	0.018034	666934663	102.081760	0.000000	0	102.104182
1	1	634	438	3.108950	-13.624846	1.760459	734.139038	1.397236	-0.008881	666934663	102.090044	0.000000	0	102.112475
0	1	635	436	3.171864	-8.794429	-4.487023	734.139038	-2.975980	0.018916	666934664	102.098388	0.000000	0	102.121023
1	1	634	430	3.096944	-13.635083	1.780057	734.139038	1.353487	-0.008603	666934664	102.106676	0.000000	0	102.129304
0	1	634	429	3.171298	-8.806789	-4.512427	734.139038	-3.541853	0.022513	666934665	102.114960	0.000000	0	102.137382
1	1	637	429	3.097230	-13.665588	1.731853	734.139038	1.281628	-0.008146	666934665	102.123243	0.000000	0	102.145668
0	1	639	429	3.180630	-8.844328	-4.470981	734.139038	-3.809170	0.024212	666934666	102.131591	0.000000	0	102.154226
1	1	640	428	3.092856	-13.705413	1.754187	734.139038	1.182549	-0.007517	666934666	102.139884	0.000000	0	102.162508
0	1	640	429	3.213549	-8.904457	-4.487584	734.139038	-2.716877	0.017269	666934667	102.148161	0.000000	0	102.170585
1	1	639	429	3.100551	-13.753450	1.705919	734.139038	1.231936	-0.007830	666934667	102.156445	0.000000	0	102.178876
0	1	641	428	3.213966	-8.969914	-4.446851	734.139038	-1.986283	0.012625	666934668	102.164791	0.000000	0	102.187425
1	1	640	431	3.117149	-13.800446	1.723075	734.139038	1.399519	-0.008896	666934668	102.173079	0.000000	0	102.195711
0	1	642	426	3.201770	-9.004249	-4.486081	734.139038	-2.412857	0.015337	666934669	102.181363	0.000000	0	102.203792
1	1	650	423	3.108298	-13.840626	1.653267	734.139038	1.731491	-0.011006	666934669	102.189648	0.000000	0	102.212051
0	1	658	425	3.193108	-9.021444	-4.447697	734.139038	-3.989495	0.025358	666934670	102.197992	0.000000	0	102.220633
1	1	666	428	3.115437	-13.866085	1.662908	734.139038	1.603276	-0.010191	666934670	102.206280	0.000000	0	102.228910
0	1	671	430	3.200477	-9.049986	-4.486411	734.139038	-4.222423	0.026839	666934671	102.214564	0.000000	0	102.237003
1	1	670	433	3.128670	-13.896796	1.578181	734.139038	1.513193	-0.009618	666934671	102.222846	0.000000	0	102.245254
0	1	666	432	3.204939	-9.071624	-4.469006	734.139038	-4.033359	0.025637	666934672	102.231190	0.000000	0	102.253825
1	1	666	427	3.115631	-13.911598	1.573837	734.139038	1.454377	-0.009244	666934672	102.239480	0.000000	0	102.262130
0	1	666	426	3.202634	-9.077734	-4.500964	734.139038	-4.533244	0.028814	666934673	102.247764	0.000000	0	102.270193
1	1	667	426	3.123235	-13.927954	1.526149	734.139038	1.290842	-0.008205	666934673	102.256049	0.000000	0	102.278460
0	1	668	427	3.220140	-9.093448	-4.462397	734.139038	-4.629083	0.029423	666934674	102.264392	0.000000	0	102.287027
1	1	668	427	3.123224	-13.953816	1.539762	734.139038	1.322385	-0.008405	666934674	102.272680	0.000000	0	102.295305
0	1	668	428	3.208771	-9.112535	-4.493326	734.139038	-5.473188	0.034789	666934675	102.280966	0.000000	0	102.303396
1	1	669	428	3.119263	-13.987738	1.509777	734.139038	0.868359	-0.005519	666934675	102.289247	0.000000	0	102.311659
0	1	670	424	3.235476	-9.167780	-4.427696	734.139038	-4.278713	0.027196	666934676	102.297591	0.000000	0	102.320230
1	1	670	422	3.146946	-14.022292	1.579527	734.139038	1.146271	-0.007286	666934676	102.305885	0.000000	0	102.328532
0	1	671	427	3.210610	-9.169003	-4.406202	734.139038	-5.366233	0.034109	666934677	102.314165	0.000000	0	102.336596
1	1	670	429	3.140786	-14.034180	1.578139	734.139038	1.284657	-0.008166	666934677	102.322448	0.000000	0	102.344931
0	1	671	427	3.236871	-9.185982	-4.351659	734.139038	-4.683457	0.029769	666934678	102.330792	0.000000	0	102.353426
1	1	673	429	3.128464	-14.039578	1.603097	734.139038	0.952996	-0.006057	666934678	102.339087	0.000000	0	102.361730
0	1	672	431	3.235985	-9.190552	-4.429649	734.139038	-4.600245	0.029240	666934679	102.347367	0.000000	0	102.369791
1	1	672	428	3.157605	-14.056355	1.499062	734.139038	1.584051	-0.010069	666934679	102.355651	0.000000	0	102.378076
0	1	672	427	3.276061	-9.205800	-4.456295	734.139038	-3.426614	0.021780	666934680	102.363996	0.000000	0	102.386642
1	1	671	423	3.150971	-14.050515	1.504120	734.139038	1.741863	-0.011072	666934680	102.372283	0.000000	0	102.394927
0	1	673	423	3.227232	-9.168373	-4.487780	734.139038	-4.564108	0.029010	666934681	102.380565	0.000000	0	102.403308
1	1	672	428	3.154616	-14.018811	1.506584	734.139038	1.871796	-0.011898	666934681	102.388848	0.000000	0	102.411286
0	1	674	426	3.276419	-9.145293	-4.414892	734.139038	-3.565122	0.022661	666934682	102.397196	0.000000	0	102.419834
1	1	676	427	3.187605	-13.998901	1.561782	734.139038	2.075291	-0.013191	666934682	102.405485	0.000000	0	102.428115
0	1	675	426	3.276288	-9.122221	-4.466165	734.139038	-3.824600	0.024310	666934683	102.413767	0.000000	0	102.436199
1	1	675	426	3.169263	-13.992355	1.503149	734.139038	1.846886	-0.011739	666934683	102.422050	0.000000	0	102.444468
0	1	674	426	3.290858	-9.134473	-4.458708	734.139038	-3.346248	0.021269	666934684	102.430394	0.000000	0	102.453044
1	1	672	426	3.178263	-13.995666	1.529822	734.139038	1.601779	-0.010181	666934684	102.438686	0.000000	0	102.461357
0	1	675	426	3.288311	-9.150204	-4.495010	734.139038	-2.837268	0.018034	666934685	102.446969	0.000000	0	102.469407
1	1	673	425	3.181296	-13.988197	1.543657	734.139038	1.446316	-0.009193	666934685	102.455250	0.000000	0	102.477678
0	1	673	422	3.303300	-9.144464	-4.398649	734.139038	-2.303058	0.014639	666934686	102.463595	0.000000	0	102.486226
1	1	672	421	3.199800	-13.978067	1.672585	734.139038	1.717213	-0.010915	666934686	102.471885	0.000000	0	102.494537
0	1	671	425	3.303384	-9.140257	-4.356965	734.139038	-1.822325	0.011583	666934687	102.480169	0.000000	0	102.502596
1	1	672	425	3.204404	-13.972497	1.692506	734.139038	1.850633	-0.011763	666934687	102.488451	0.000000	0	102.510865
0	1	673	427	3.295658	-9.136633	-4.309274	734.139038	-1.959890	0.012457	666934688	102.496795	0.000000	0	102.519458
1	1	675	429	3.200997	-13.967905	1.718421	734.139038	1.722715	-0.010950	666934688	102.505086	0.000000	0	102.527714
0	1	673	428	3.288532	-9.122268	-4.398654	734.139038	-2.318977	0.014740	666934689	102.513369	0.000000	0	102.535797
1	1	672	425	3.206193	-13.952309	1.648326	734.139038	1.559564	-0.009913	666934689	102.521651	0.000000	0	102.544083
0	1	670	425	3.307209	-9.103531	-4.399897	734.139038	-2.488140	0.015815	666934690	102.529997	0.000000	0	102.552640
1	1	672	425	3.214565	-13.940295	1.680408	734.139038	1.475405	-0.009378	666934690	102.538289	0.000000	0	102.560918
0	1	673	420	3.320479	-9.097576	-4.453983	734.139038	-2.213262	0.014068	666934691	102.546569	0.000000	0	102.568997
1	1	673	424	3.198872	-13.919830	1.673434	734.139038	0.805760	-0.005122	666934691	102.554893	0.000000	0	102.577291
0	1	674	418	3.313756	-9.093934	-4.389248	734.139038	-1.945583	0.012367	666934692	102.563197	0.000000	0	102.585849
1	1	672	418	3.230713	-13.918290	1.747537	734.139038	1.257143	-0.007991	666934692	102.571533	0.000000	0	102.594125
0	1	671	430	3.302728	-9.073883	-4.375563	734.139038	-2.794595	0.017763	666934693	102.579770	0.000000	0	102.602202
1	1	675	440	3.222631	-13.896994	1.758399	734.139038	1.006745	-0.006399	666934693	102.588054	0.000000	0	102.610493
0	1	678	447	3.330347	-9.067056	-4.315198	734.139038	-2.323295	0.014767	666934694	102.596399	0.000000	0	102.619038
1	1	679	456	3.218273	-13.863187	1.807973	734.139038	0.555700	-0.003532	666934694	102.604687	0.000000	0	102.627316
0	1	679	459	3.339056	-9.056149	-4.344864	734.139038	-1.858658	0.011814	666934695	102.612970	0.000000	0	102.635409
1	1	676	457	3.233508	-13.850525	1.766896	734.139038	0.666762	-0.004238	666934695	102.621254	0.000000	0	102.643669
0	1	676	456	3.334589	-9.046556	-4.331535	734.139038	-1.772364	0.011266	666934696	102.629600	0.000000	0	102.652253
1	1	679	455	3.236813	-13.841721	1.790648	734.139038	0.934528	-0.005940	666934696	102.637893	0.000000	0	102.660524
0	1	682	453	3.346152	-9.029903	-4.384108	734.139038	-1.383867	0.008796	666934697	102.646170	0.000000	0	102.668609
1	1	682	454	3.229984	-13.800021	1.768414	734.139038	0.573365	-0.003644	666934697	102.654453	0.000000	0	102.676923
0	1	680	454	3.323710	-8.976710	-4.302971	734.139038	-2.301919	0.014631	666934698	102.662798	0.000000	0	102.685434
1	1	679	453	3.249624	-13.781870	1.852094	734.139038	0.995746	-0.006329	666934698	102.671093	0.000000	0	102.693758
0	1	677	458	3.308699	-8.958913	-4.299939	734.139038	-2.951771	0.018762	666934699	102.679373	0.000000	0	102.701810
1	1	677	459	3.237927	-13.784327	1.809388	734.139038	0.734709	-0.004670	666934699	102.687655	0.000000	0	102.710079
0	1	678	460	3.324986	-8.977204	-4.299902	734.139038	-3.459439	0.021989	666934700	102.696001	0.000000	0	102.718643
1	1	678	459	3.246494	-13.825619	1.767198	734.139038	1.050847	-0.006679	666934700	102.704287	0.000000	0	102.726949
0	1	678	455	3.316274	-9.003941	-4.419115	734.139038	-3.682677	0.023408	666934701	102.712572	0.000000	0	102.735002
1	1	679	455	3.237244	-13.850769	1.667460	734.139038	1.133878	-0.007207	666934701	102.720855	0.000000	0	102.743279
0	1	678	455	3.319748	-9.001692	-4.385974	734.139038	-4.317060	0.027440	666934702	102.729200	0.000000	0	102.751844
1	1	678	458	3.245255	-13.841526	1.740431	734.139038	0.782355	-0.004973	666934702	102.737488	0.000000	0	102.760130
0	1	677	460	3.327907	-8.997747	-4.360543	734.139038	-3.834538	0.024373	666934703	102.745772	0.000000	0	102.768205
1	1	676	459	3.256126	-13.840357	1.780070	734.139038	0.923976	-0.005873	666934703	102.754056	0.000000	0	102.776486
0	1	676	454	3.353719	-9.014400	-4.274804	734.139038	-2.607684	0.016575	666934704	102.762402	0.000000	0	102.785043
1	1	677	457	3.223747	-13.837194	1.833389	734.139038	0.148450	-0.000944	666934704	102.770690	0.000000	0	102.793325
0	1	677	455	3.329312	-9.022367	-4.343609	734.139038	-2.705771	0.017198	666934705	102.778974	0.000000	0	102.801428
1	1	676	459	3.249893	-13.842124	1.720819	734.139038	0.284390	-0.001808	666934705	102.787261	0.000000	0	102.809676
0	1	679	462	3.336299	-9.010945	-4.391078	734.139038	-2.793435	0.017756	666934706	102.795602	0.000000	0	102.818241
1	1	678	455	3.262791	-13.831215	1.683783	734.139038	0.771238	-0.004902	666934706	102.803890	0.000000	0	102.826545
0	1	680	460	3.344106	-8.981668	-4.450914	734.139038	-2.430058	0.015446	666934707	102.812174	0.000000	0	102.834631
1	1	680	457	3.250770	-13.806089	1.643121	734.139038	1.130795	-0.007188	666934707	102.820460	0.000000	0	102.842916
0	1	677	457	3.350256	-8.969259	-4.386858	734.139038	-1.684561	0.010707	666934708	102.828801	0.000000	0	102.851460
1	1	676	456	3.244954	-13.801008	1.702350	734.139038	1.282639	-0.008153	666934708	102.837092	0.000000	0	102.859726
0	1	676	454	3.347172	-8.971513	-4.410672	734.139038	-1.603737	0.010194	666934709	102.845374	0.000000	0	102.867819
1	1	677	456	3.246779	-13.804588	1.656468	734.139038	1.144340	-0.007274	666934709	102.853657	0.000000	0	102.876074
0	1	677	458	3.321147	-8.967518	-4.382538	734.139038	-2.366046	0.015039	666934710	102.862004	0.000000	0	102.884643
1	1	676	458	3.246341	-13.806143	1.660401	734.139038	0.991137	-0.006300	666934710	102.870291	0.000000	0	102.892924
0	1	676	457	3.334612	-8.964410	-4.426864	734.139038	-2.827596	0.017973	666934711	102.878575	0.000000	0	102.900998
1	1	674	458	3.234871	-13.798473	1.623974	734.139038	0.601126	-0.003821	666934711	102.886862	0.000000	0	102.909303
0	1	676	455	3.360465	-8.988714	-4.382646	734.139038	-1.990195	0.012650	666934712	102.895202	0.000000	0	102.917854
1	1	676	456	3.273572	-13.823139	1.672060	734.139038	1.045871	-0.006648	666934712	102.903495	0.000000	0	102.926174
0	1	678	459	3.362620	-9.022894	-4.388963	734.139038	-1.618758	0.010289	666934713	102.911775	0.000000	0	102.934211
1	1	679	456	3.267207	-13.856736	1.636651	734.139038	1.586063	-0.010081	666934713	102.920057	0.000000	0	102.942523
0	1	679	456	3.355818	-9.049713	-4.353768	734.139038	-1.287600	0.008184	666934714	102.928404	0.000000	0	102.951038
1	1	678	458	3.249027	-13.859261	1.667117	734.139038	0.888976	-0.005651	666934714	102.936693	0.000000	0	102.959395
0	1	675	454	3.328835	-9.054930	-4.403486	734.139038	-1.970058	0.012522	666934715	102.944978	0.000000	0	102.967407
1	1	675	458	3.244954	-13.853266	1.624869	734.139038	0.069217	-0.000440	666934715	102.953258	0.000000	0	102.975703
0	1	676	460	3.334020	-9.055203	-4.371985	734.139038	-2.629585	0.016714	666934716	102.961606	0.000000	0	102.984261
1	1	676	459	3.282861	-13.870686	1.667313	734.139038	0.661211	-0.004203	666934716	102.969894	0.000000	0	102.992565
0	1	676	460	3.365395	-9.068286	-4.402635	734.139038	-2.034706	0.012933	666934717	102.978178	0.000000	0	103.000634
1	1	676	456	3.265226	-13.879702	1.639335	734.139038	1.130049	-0.007183	666934717	102.986459	0.000000	0	103.008913
0	1	674	453	3.355108	-9.064852	-4.363763	734.139038	-1.399857	0.008898	666934718	102.994813	0.000000	0	103.017465
1	1	674	452	3.273006	-13.870096	1.687981	734.139038	1.457474	-0.009264	666934718	103.003095	0.000000	0	103.025786
0	1	675	453	3.358720	-9.047701	-4.390406	734.139038	-1.296335	0.008240	666934719	103.011380	0.000000	0	103.033817
1	1	674	453	3.277982	-13.855916	1.656147	734.139038	1.820184	-0.011569	666934719	103.019659	0.000000	0	103.042121
0	1	674	453	3.354162	-9.031313	-4.343743	734.139038	-1.118970	0.007112	666934720	103.028006	0.000000	0	103.050649
1	1	674	450	3.275191	-13.851886	1.713410	734.139038	1.762885	-0.011205	666934720	103.036294	0.000000	0	103.058965
0	1	672	452	3.366258	-9.025772	-4.344021	734.139038	-1.678430	0.010668	666934721	103.044578	0.000000	0	103.067012
1	1	673	454	3.269085	-13.853235	1.702969	734.139038	1.446934	-0.009197	666934721	103.052861	0.000000	0	103.075319
0	1	675	456	3.363907	-9.043872	-4.295567	734.139038	-1.355422	0.008615	666934722	103.061207	0.000000	0	103.083842
1	1	675	460	3.279134	-13.863400	1.725018	734.139038	1.478885	-0.009400	666934722	103.069496	0.000000	0	103.092192
0	1	671	470	3.358126	-9.059880	-4.370892	734.139038	-1.154613	0.007339	666934723	103.077780	0.000000	0	103.100207
1	1	666	486	3.275104	-13.873698	1.657152	734.139038	1.588453	-0.010097	666934723	103.086061	0.000000	0	103.108515
0	1	660	493	3.368819	-9.088183	-4.394776	734.139038	-0.874121	0.005556	666934724	103.094405	0.000000	0	103.117052
1	1	657	494	3.271455	-13.895828	1.672289	734.139038	1.329009	-0.008447	666934724	103.102695	0.000000	0	103.125329
0	1	653	493	3.357021	-9.117117	-4.436645	734.139038	-0.873701	0.005553	666934725	103.110979	0.000000	0	103.133413
1	1	655	491	3.273897	-13.919908	1.640268	734.139038	1.032299	-0.006562	666934725	103.119261	0.000000	0	103.141725
0	1	656	493	3.380497	-9.146926	-4.424582	734.139038	-0.636747	0.004047	666934726	103.127608	0.000000	0	103.150250
1	1	654	495	3.273713	-13.933535	1.654356	734.139038	1.200032	-0.007628	666934726	103.135900	0.000000	0	103.158548
0	1	655	495	3.343231	-9.135222	-4.495538	734.139038	-1.840011	0.011696	666934727	103.144179	0.000000	0	103.166623
1	1	654	492	3.275594	-13.938757	1.582975	734.139038	1.373118	-0.008728	666934727	103.152461	0.000000	0	103.174896
0	1	655	494	3.344140	-9.123457	-4.488495	734.139038	-3.122594	0.019848	666934728	103.160809	0.000000	0	103.183467
1	1	656	494	3.266022	-13.942986	1.611495	734.139038	1.448336	-0.009206	666934728	103.169097	0.000000	0	103.191766
0	1	656	495	3.373019	-9.141249	-4.513681	734.139038	-2.318346	0.014736	666934729	103.177381	0.000000	0	103.199809
1	1	657	497	3.284566	-13.960425	1.614300	734.139038	1.718349	-0.010922	666934729	103.185664	0.000000	0	103.208074
0	1	656	497	3.386547	-9.152592	-4.451940	734.139038	-2.096141	0.013324	666934730	103.194010	0.000000	0	103.216669
1	1	656	498	3.265033	-13.948219	1.659447	734.139038	1.036834	-0.006590	666934730	103.202300	0.000000	0	103.224951
0	1	656	497	3.343416	-9.132607	-4.519166	734.139038	-3.190664	0.020281	666934731	103.210583	0.000000	0	103.233053
1	1	657	499	3.265876	-13.939295	1.568424	734.139038	0.734496	-0.004669	666934731	103.218863	0.000000	0	103.241311
0	1	657	499	3.387290	-9.136218	-4.560183	734.139038	-2.174191	0.013820	666934732	103.227210	0.000000	0	103.249858
1	1	657	503	3.270326	-13.933719	1.582042	734.139038	0.853543	-0.005425	666934732	103.235499	0.000000	0	103.258131
0	1	657	501	3.366480	-9.126444	-4.593725	734.139038	-2.877453	0.018290	666934733	103.243782	0.000000	0	103.266213
1	1	658	497	3.265072	-13.935196	1.587140	734.139038	0.612074	-0.003890	666934733	103.252063	0.000000	0	103.274474
0	1	656	496	3.367232	-9.131340	-4.517467	734.139038	-2.428449	0.015436	666934734	103.260414	0.000000	0	103.283061
1	1	658	496	3.281318	-13.934937	1.660559	734.139038	0.816440	-0.005189	666934734	103.268699	0.000000	0	103.291347
0	1	656	497	3.360145	-9.109836	-4.560011	734.139038	-2.851751	0.018126	666934735	103.276981	0.000000	0	103.299413
1	1	656	502	3.270600	-13.927025	1.604768	734.139038	0.911330	-0.005793	666934735	103.285265	0.000000	0	103.307697
0	1	656	503	3.362474	-9.101917	-4.594106	734.139038	-2.689135	0.017093	666934736	103.293612	0.000000	0	103.316250
1	1	657	497	3.272850	-13.927725	1.576299	734.139038	0.736494	-0.004681	666934736	103.301899	0.000000	0	103.324529
0	1	657	504	3.372366	-9.113934	-4.706562	734.139038	-2.317294	0.014729	666934737	103.310183	0.000000	0	103.332618
1	1	655	505	3.258897	-13.928308	1.496986	734.139038	0.462127	-0.002937	666934737	103.318466	0.000000	0	103.340991
0	1	656	503	3.378430	-9.131379	-4.691859	734.139038	-1.660866	0.010557	666934738	103.326811	0.000000	0	103.349464
1	1	654	508	3.272708	-13.925337	1.580181	734.139038	0.350651	-0.002229	666934738	103.335103	0.000000	0	103.357741
0	1	656	506	3.385512	-9.121204	-4.663471	734.139038	-1.356080	0.008620	666934739	103.343386	0.000000	0	103.365820
1	1	659	503	3.273335	-13.899542	1.617806	734.139038	0.395119	-0.002511	666934739	103.351665	0.000000	0	103.374083
0	1	660	505	3.390455	-9.091180	-4.579971	734.139038	-0.976355	0.006206	666934740	103.360012	0.000000	0	103.382715
1	1	660	504	3.280062	-13.867560	1.681298	734.139038	0.607185	-0.003859	666934740	103.368301	0.000000	0	103.390950
0	1	659	503	3.375956	-9.058855	-4.629384	734.139038	-1.230278	0.007820	666934741	103.376583	0.000000	0	103.399018
1	1	651	500	3.275315	-13.865767	1.608720	734.139038	0.928262	-0.005900	666934741	103.384873	0.000000	0	103.407318
0	1	611	515	3.406015	-9.100986	-4.638128	734.139038	-1.191744	0.007575	666934742	103.393215	0.000000	0	103.415864
1	1	530	539	3.244452	-13.871238	1.595793	734.139038	1.024159	-0.006510	666934742	103.401504	0.000000	0	103.424129
0	1	427	565	3.404717	-9.233772	-4.709208	734.139038	-0.604146	0.003840	666934743	103.409784	0.000000	0	103.432214
1	1	304	592	3.246216	-13.928106	1.543859	734.139038	1.316835	-0.008370	666934743	103.418067	0.000000	0	103.440476
0	1	207	613	3.398346	-9.348158	-4.631545	734.139038	-1.543328	0.009810	666934744	103.426413	0.000000	0	103.449060
1	1	164	618	3.258616	-14.006844	1.598639	734.139038	1.407605	-0.008947	666934744	103.434701	0.000000	0	103.457339
0	1	145	625	3.369195	-9.410403	-4.630183	734.139038	-2.966390	0.018855	666934745	103.442986	0.000000	0	103.465445
1	1	145	626	3.259094	-14.074158	1.552543	734.139038	1.812745	-0.011522	666934745	103.451268	0.000000	0	103.473673
0	1	144	629	3.356866	-9.473438	-4.564659	734.139038	-4.308008	0.027383	666934746	103.459613	0.000000	0	103.482249
1	1	135	633	3.273773	-14.145786	1.579451	734.139038	2.016979	-0.012820	666934746	103.467902	0.000000	0	103.490543
0	1	135	633	3.392788	-9.537363	-4.583218	734.139038	-3.854958	0.024503	666934747	103.476187	0.000000	0	103.498624
1	1	137	633	3.259526	-14.196140	1.545139	734.139038	2.447305	-0.015556	666934747	103.484468	0.000000	0	103.506878
0	1	139	632	3.394317	-9.551990	-4.532543	734.139038	-3.750171	0.023837	666934748	103.492817	0.000000	0	103.515460
1	1	140	633	3.261108	-14.192325	1.571294	734.139038	2.234784	-0.014205	666934748	103.501103	0.000000	0	103.523740
0	1	142	640	3.395599	-9.541588	-4.582723	734.139038	-3.099228	0.019699	666934749	103.509406	0.000000	0	103.531842
1	1	144	644	3.255997	-14.172913	1.522489	734.139038	1.727818	-0.010982	666934749	103.517668	0.000000	0	103.540092
0	1	142	640	3.415784	-9.531039	-4.560374	734.139038	-2.526253	0.016057	666934750	103.526014	0.000000	0	103.548638
1	1	142	642	3.267318	-14.174528	1.558444	734.139038	1.622696	-0.010314	666934750	103.534303	0.000000	0	103.556935
0	1	143	642	3.410131	-9.533857	-4.603070	734.139038	-2.280527	0.014496	666934751	103.542587	0.000000	0	103.565017
1	1	143	642	3.274405	-14.188615	1.490798	734.139038	1.650314	-0.010490	666934751	103.550869	0.000000	0	103.573322
0	1	148	644	3.376296	-9.492104	-4.610083	734.139038	-3.628262	0.023062	666934752	103.559218	0.000000	0	103.581882
1	1	193	624	3.269111	-14.153673	1.453483	734.139038	1.522637	-0.009678	666934752	103.567504	0.000000	0	103.590138
0	1	282	600	3.434125	-9.455109	-4.761181	734.139038	-2.687382	0.017082	666934753	103.575788	0.000000	0	103.598223
1	1	332	575	3.256646	-14.021925	1.368105	734.139038	1.198830	-0.007620	666934753	103.584070	0.000000	0	103.606488
0	1	435	540	3.379135	-9.352557	-4.806919	734.139038	-3.566928	0.022672	666934754	103.592416	0.000000	0	103.615045
1	1	545	518	3.285794	-13.893064	1.399575	734.139038	1.204042	-0.007653	666934754	103.600708	0.000000	0	103.623340
0	1	570	506	3.393226	-9.282650	-4.850013	734.139038	-3.596231	0.022858	666934755	103.608991	0.000000	0	103.631421
1	1	590	506	3.296341	-13.840543	1.393149	734.139038	1.331835	-0.008465	666934755	103.617269	0.000000	0	103.639714
0	1	592	506	3.406637	-9.265212	-4.781514	734.139038	-2.796412	0.017775	666934756	103.625616	0.000000	0	103.648265
1	1	594	503	3.285889	-13.819765	1.455896	734.139038	1.631911	-0.010373	666934756	103.633906	0.000000	0	103.656542
0	1	601	503	3.403489	-9.249790	-4.794795	734.139038	-2.031872	0.012915	666934757	103.642189	0.000000	0	103.664623
1	1	601	504	3.274732	-13.783719	1.423941	734.139038	1.231768	-0.007829	666934757	103.650471	0.000000	0	103.672883
0	1	599	504	3.396285	-9.197033	-4.768953	734.139038	-2.908455	0.018487	666934758	103.658817	0.000000	0	103.681459
1	1	597	505	3.307552	-13.760988	1.410014	734.139038	1.470184	-0.009345	666934758	103.667106	0.000000	0	103.689738
